cand_id,run,epsilon,f1,f2,slack_min,slack_mean,violation_mean,cost_var,potentially_optimal,chosen,maximin_margin,value_f1,value_f2,value_slack_min,value_cost_var
0,0,19.529411764705884,905.0,16.0,0.4000000000000057,5.032000000000002,9.011929682979591,7.813354761923047,False,False,,1.0,0.0,0.0,0.5021252611957364
1,3,18.294117647058822,912.0,14.0,1.4000000000000057,8.032000000000002,3.9974434474109044,7.7472803338521,False,False,,0.9573170731707317,0.13333333333333333,0.7142857142857186,0.5301034957492179
2,0,15.823529411764707,915.0,12.0,1.7999999999999972,9.832000000000003,4.210982735599814,7.1162145432471515,True,True,0.12053142031405065,0.9390243902439024,0.26666666666666666,1.0,0.7973189257377351
3,3,14.588235294117647,926.0,10.0,0.4000000000000057,8.832000000000003,5.35995211902416,8.32615054033211,False,False,,0.8719512195121951,0.4,0.0,0.28498951011577645
4,0,12.117647058823529,932.0,9.0,0.4000000000000057,6.432000000000002,5.4742889546097215,8.999192252493184,False,False,,0.8353658536585366,0.4666666666666667,0.0,0.0
5,3,5.9411764705882355,949.0,4.0,0.4000000000000057,11.032000000000002,3.4664507374844646,6.6380384262136385,False,False,,0.7317073170731707,0.8,0.0,0.9997954957334908
6,2,8.411764705882351,968.0,3.0,0.4000000000000057,10.832000000000003,4.712451979731028,6.637555461413918,False,False,,0.6158536585365854,0.8666666666666667,0.0,1.0
7,2,3.470588235294116,1014.0,2.0,0.4000000000000057,10.432000000000002,3.966293560111235,7.4320692298218365,False,False,,0.3353658536585366,0.9333333333333333,0.0,0.6635749530117938
8,1,1.0,1069.0,1.0,0.4000000000000057,11.432000000000002,3.767844152032983,6.823758626173503,False,False,,0.0,1.0,0.0,0.9211550372762907
